IP,Categories,ReportDate,Comment
94.41.234.149,4,2024-08-27T19:58:40.469Z,DDoS attack Layer 7
51.17.240.222,4,2024-08-27T19:58:40.469Z,DDoS attack Layer 7
248.198.70.217,4,2024-08-27T19:58:40.469Z,DDoS attack Layer 7
122.236.131.235,4,2024-08-27T19:58:40.469Z,DDoS attack Layer 7
89.35.63.89,4,2024-08-27T19:58:40.469Z,DDoS attack Layer 7
114.235.20.53,4,2024-08-27T19:58:40.469Z,DDoS attack Layer 7
45.167.93.104,4,2024-08-27T19:58:40.469Z,DDoS attack Layer 7
190.166.149.248,4,2024-08-27T19:58:40.469Z,DDoS attack Layer 7
87.201.21.60,4,2024-08-27T19:58:40.469Z,DDoS attack Layer 7
139.185.35.122,4,2024-08-27T19:58:40.469Z,DDoS attack Layer 7
45.185.204.105,4,2024-08-27T19:58:40.469Z,DDoS attack Layer 7
45.185.204.111,4,2024-08-27T19:58:40.469Z,DDoS attack Layer 7
45.162.126.109,4,2024-08-27T19:58:40.469Z,DDoS attack Layer 7
85.135.228.139,4,2024-08-27T19:58:40.469Z,DDoS attack Layer 7
190.120.250.103,4,2024-08-27T19:58:40.469Z,DDoS attack Layer 7
38.156.238.138,4,2024-08-27T19:58:40.469Z,DDoS attack Layer 7
104.161.53.212,4,2024-08-27T19:58:40.469Z,DDoS attack Layer 7
190.90.19.120,4,2024-08-27T19:58:40.469Z,DDoS attack Layer 7
187.146.76.14,4,2024-08-27T19:58:40.469Z,DDoS attack Layer 7
185.162.8.94,4,2024-08-27T19:58:40.469Z,DDoS attack Layer 7
38.52.220.50,4,2024-08-27T19:58:40.469Z,DDoS attack Layer 7
183.154.104.205,4,2024-08-27T19:58:40.469Z,DDoS attack Layer 7
101.109.6.254,4,2024-08-27T19:58:40.469Z,DDoS attack Layer 7
45.185.204.109,4,2024-08-27T19:58:40.469Z,DDoS attack Layer 7
38.52.220.51,4,2024-08-27T19:58:40.469Z,DDoS attack Layer 7
54.223.36.124,4,2024-08-27T19:58:40.469Z,DDoS attack Layer 7
45.7.65.1,4,2024-08-27T19:58:40.469Z,DDoS attack Layer 7
54.223.213.143,4,2024-08-27T19:58:40.469Z,DDoS attack Layer 7
52.53.149.94,4,2024-08-27T19:58:40.469Z,DDoS attack Layer 7
202.93.156.70,4,2024-08-27T19:58:40.469Z,DDoS attack Layer 7
138.121.114.139,4,2024-08-27T19:58:40.469Z,DDoS attack Layer 7
116.196.113.68,4,2024-08-27T19:58:40.469Z,DDoS attack Layer 7
45.162.126.149,4,2024-08-27T19:58:40.469Z,DDoS attack Layer 7
181.174.225.201,4,2024-08-27T19:58:40.469Z,DDoS attack Layer 7
140.246.157.86,4,2024-08-27T19:58:40.469Z,DDoS attack Layer 7
121.37.185.251,4,2024-08-27T19:58:40.469Z,DDoS attack Layer 7
177.231.162.12,4,2024-08-27T19:58:40.469Z,DDoS attack Layer 7
187.250.122.126,4,2024-08-27T19:58:40.469Z,DDoS attack Layer 7
181.67.29.241,4,2024-08-27T19:58:40.469Z,DDoS attack Layer 7
38.45.250.250,4,2024-08-27T19:58:40.469Z,DDoS attack Layer 7
38.52.220.54,4,2024-08-27T19:58:40.469Z,DDoS attack Layer 7
62.234.36.136,4,2024-08-27T19:58:40.469Z,DDoS attack Layer 7
180.184.64.221,4,2024-08-27T19:58:40.469Z,DDoS attack Layer 7
188.146.108.171,4,2024-08-27T19:58:40.469Z,DDoS attack Layer 7
54.222.201.61,4,2024-08-27T19:58:40.469Z,DDoS attack Layer 7
209.14.119.228,4,2024-08-27T19:58:40.469Z,DDoS attack Layer 7
43.139.161.196,4,2024-08-27T19:58:40.469Z,DDoS attack Layer 7
116.204.82.254,4,2024-08-27T19:58:40.469Z,DDoS attack Layer 7
104.161.39.37,4,2024-08-27T19:58:40.469Z,DDoS attack Layer 7
52.81.109.126,4,2024-08-27T19:58:40.469Z,DDoS attack Layer 7
45.185.204.107,4,2024-08-27T19:58:40.469Z,DDoS attack Layer 7
52.81.67.233,4,2024-08-27T19:58:40.469Z,DDoS attack Layer 7
45.162.126.72,4,2024-08-27T19:58:40.469Z,DDoS attack Layer 7
116.226.124.46,4,2024-08-27T19:58:40.469Z,DDoS attack Layer 7
155.126.176.14,4,2024-08-27T19:58:40.469Z,DDoS attack Layer 7
114.236.137.41,4,2024-08-27T19:58:40.469Z,DDoS attack Layer 7
49.37.112.242,4,2024-08-27T19:58:40.469Z,DDoS attack Layer 7
240.124.23.112,4,2024-08-27T19:58:40.469Z,DDoS attack Layer 7
189.222.162.243,4,2024-08-27T19:58:40.469Z,DDoS attack Layer 7
187.60.170.237,4,2024-08-27T19:58:40.469Z,DDoS attack Layer 7
43.136.68.232,4,2024-08-27T19:58:40.469Z,DDoS attack Layer 7
162.248.47.218,4,2024-08-27T19:58:40.469Z,DDoS attack Layer 7
111.230.53.150,4,2024-08-27T19:58:40.469Z,DDoS attack Layer 7
103.248.61.48,4,2024-08-27T19:58:40.469Z,DDoS attack Layer 7
1.160.1.221,4,2024-08-27T19:58:40.469Z,DDoS attack Layer 7
189.154.199.41,4,2024-08-27T19:58:40.469Z,DDoS attack Layer 7
181.188.27.162,4,2024-08-27T19:58:40.469Z,DDoS attack Layer 7
45.4.1.133,4,2024-08-27T19:58:40.469Z,DDoS attack Layer 7
113.11.64.18,4,2024-08-27T19:58:40.469Z,DDoS attack Layer 7
186.179.103.59,4,2024-08-27T19:58:40.469Z,DDoS attack Layer 7
195.2.76.71,4,2024-08-27T19:58:40.469Z,DDoS attack Layer 7
36.63.60.243,4,2024-08-27T19:58:40.469Z,DDoS attack Layer 7
172.69.185.133,4,2024-08-27T19:58:40.469Z,DDoS attack Layer 7
110.53.243.181,4,2024-08-27T19:58:40.469Z,DDoS attack Layer 7
45.185.204.106,4,2024-08-27T19:58:40.469Z,DDoS attack Layer 7
38.183.182.19,4,2024-08-27T19:58:40.469Z,DDoS attack Layer 7
175.178.179.214,4,2024-08-27T19:58:40.469Z,DDoS attack Layer 7
38.183.182.18,4,2024-08-27T19:58:40.469Z,DDoS attack Layer 7
35.197.90.7,4,2024-08-27T19:58:40.469Z,DDoS attack Layer 7
140.246.171.15,4,2024-08-27T19:58:40.469Z,DDoS attack Layer 7
47.151.118.226,4,2024-08-27T19:58:40.469Z,DDoS attack Layer 7
149.154.69.89,4,2024-08-27T19:58:40.469Z,DDoS attack Layer 7
183.94.104.169,4,2024-08-27T19:58:40.469Z,DDoS attack Layer 7
36.77.59.187,4,2024-08-27T19:58:40.469Z,DDoS attack Layer 7
113.95.72.92,4,2024-08-27T19:58:40.469Z,DDoS attack Layer 7
190.5.33.102,4,2024-08-27T19:58:40.469Z,DDoS attack Layer 7
5.133.97.63,4,2024-08-27T19:58:40.469Z,DDoS attack Layer 7
191.108.183.184,4,2024-08-27T19:58:40.469Z,DDoS attack Layer 7
49.116.160.63,4,2024-08-27T19:58:40.469Z,DDoS attack Layer 7
195.88.179.15,4,2024-08-27T19:58:40.469Z,DDoS attack Layer 7
14.218.20.203,4,2024-08-27T19:58:40.469Z,DDoS attack Layer 7
46.164.239.51,4,2024-08-27T19:58:40.469Z,DDoS attack Layer 7
203.82.207.142,4,2024-08-27T19:58:40.469Z,DDoS attack Layer 7
190.193.236.5,4,2024-08-27T19:58:40.469Z,DDoS attack Layer 7
113.232.156.195,4,2024-08-27T19:58:40.469Z,DDoS attack Layer 7
101.33.252.195,4,2024-08-27T19:58:40.469Z,DDoS attack Layer 7
176.110.140.154,4,2024-08-27T19:58:40.469Z,DDoS attack Layer 7
93.184.4.254,4,2024-08-27T19:58:40.469Z,DDoS attack Layer 7
95.181.232.31,4,2024-08-27T19:58:40.469Z,DDoS attack Layer 7
179.36.221.50,4,2024-08-27T19:58:40.469Z,DDoS attack Layer 7
220.167.115.127,4,2024-08-27T19:58:40.469Z,DDoS attack Layer 7
103.163.218.14,4,2024-08-27T19:58:40.469Z,DDoS attack Layer 7
101.42.111.85,4,2024-08-27T19:58:40.469Z,DDoS attack Layer 7
49.146.244.218,4,2024-08-27T19:58:40.469Z,DDoS attack Layer 7
198.15.64.10,4,2024-08-27T19:58:40.469Z,DDoS attack Layer 7
143.198.212.225,4,2024-08-27T19:58:40.469Z,DDoS attack Layer 7
138.59.20.220,4,2024-08-27T19:58:40.469Z,DDoS attack Layer 7
38.43.150.174,4,2024-08-27T19:58:40.469Z,DDoS attack Layer 7
38.159.63.8,4,2024-08-27T19:58:40.469Z,DDoS attack Layer 7
218.60.50.159,4,2024-08-27T19:58:40.469Z,DDoS attack Layer 7
185.236.201.179,4,2024-08-27T19:58:40.469Z,DDoS attack Layer 7
185.35.130.168,4,2024-08-27T19:58:40.469Z,DDoS attack Layer 7
123.13.67.125,4,2024-08-27T19:58:40.469Z,DDoS attack Layer 7
1.203.155.132,4,2024-08-27T19:58:40.469Z,DDoS attack Layer 7
87.218.183.25,4,2024-08-27T19:58:40.469Z,DDoS attack Layer 7
84.235.242.214,4,2024-08-27T19:58:40.469Z,DDoS attack Layer 7
190.90.160.162,4,2024-08-27T19:58:40.469Z,DDoS attack Layer 7
186.190.226.86,4,2024-08-27T19:58:40.469Z,DDoS attack Layer 7
1.10.134.26,4,2024-08-27T19:58:40.469Z,DDoS attack Layer 7
129.227.234.130,4,2024-08-27T19:58:40.469Z,DDoS attack Layer 7
38.180.22.20,4,2024-08-27T19:58:40.469Z,DDoS attack Layer 7
183.254.109.62,4,2024-08-27T19:58:40.469Z,DDoS attack Layer 7
190.120.229.196,4,2024-08-27T19:58:40.469Z,DDoS attack Layer 7
172.69.185.134,4,2024-08-27T19:58:40.469Z,DDoS attack Layer 7
109.108.107.122,4,2024-08-27T19:58:40.469Z,DDoS attack Layer 7
82.197.66.99,4,2024-08-27T19:58:40.469Z,DDoS attack Layer 7
176.28.64.34,4,2024-08-27T19:58:40.469Z,DDoS attack Layer 7
146.190.91.187,4,2024-08-27T19:58:40.469Z,DDoS attack Layer 7
128.199.174.92,4,2024-08-27T19:58:40.469Z,DDoS attack Layer 7
41.220.131.21,4,2024-08-27T19:58:40.469Z,DDoS attack Layer 7
200.215.248.112,4,2024-08-27T19:58:40.469Z,DDoS attack Layer 7
186.180.48.106,4,2024-08-27T19:58:40.469Z,DDoS attack Layer 7
148.230.192.146,4,2024-08-27T19:58:40.469Z,DDoS attack Layer 7
192.166.114.151,4,2024-08-27T19:58:40.469Z,DDoS attack Layer 7
96.227.245.221,4,2024-08-27T19:58:40.469Z,DDoS attack Layer 7
201.151.118.147,4,2024-08-27T19:58:40.469Z,DDoS attack Layer 7
191.104.123.77,4,2024-08-27T19:58:40.469Z,DDoS attack Layer 7
189.155.243.123,4,2024-08-27T19:58:40.469Z,DDoS attack Layer 7
39.77.154.64,4,2024-08-27T19:58:40.469Z,DDoS attack Layer 7
45.188.167.225,4,2024-08-27T19:58:40.469Z,DDoS attack Layer 7
38.45.242.83,4,2024-08-27T19:58:40.469Z,DDoS attack Layer 7
38.183.182.21,4,2024-08-27T19:58:40.469Z,DDoS attack Layer 7
37.1.202.122,4,2024-08-27T19:58:40.469Z,DDoS attack Layer 7
172.69.185.132,4,2024-08-27T19:58:40.469Z,DDoS attack Layer 7
92.141.199.209,4,2024-08-27T19:58:40.469Z,DDoS attack Layer 7
47.52.156.168,4,2024-08-27T19:58:40.469Z,DDoS attack Layer 7
35.205.204.58,4,2024-08-27T19:58:40.469Z,DDoS attack Layer 7
204.199.139.200,4,2024-08-27T19:58:40.469Z,DDoS attack Layer 7
189.173.39.156,4,2024-08-27T19:58:40.469Z,DDoS attack Layer 7
140.209.236.242,4,2024-08-27T19:58:40.469Z,DDoS attack Layer 7
211.36.156.194,4,2024-08-27T19:58:40.469Z,DDoS attack Layer 7
73.20.79.245,4,2024-08-27T19:58:40.469Z,DDoS attack Layer 7
89.185.30.143,4,2024-08-27T19:58:40.469Z,DDoS attack Layer 7
140.209.237.226,4,2024-08-27T19:58:40.469Z,DDoS attack Layer 7
201.226.36.51,4,2024-08-27T19:58:40.469Z,DDoS attack Layer 7
201.108.128.115,4,2024-08-27T19:58:40.469Z,DDoS attack Layer 7
199.255.116.5,4,2024-08-27T19:58:40.469Z,DDoS attack Layer 7
190.71.155.46,4,2024-08-27T19:58:40.469Z,DDoS attack Layer 7
49.236.212.134,4,2024-08-27T19:58:40.469Z,DDoS attack Layer 7
244.241.9.93,4,2024-08-27T19:58:40.469Z,DDoS attack Layer 7
212.11.88.59,4,2024-08-27T19:58:40.469Z,DDoS attack Layer 7
138.121.203.146,4,2024-08-27T19:58:40.469Z,DDoS attack Layer 7
18.216.87.192,4,2024-08-27T19:58:40.469Z,DDoS attack Layer 7
171.89.36.189,4,2024-08-27T19:58:40.469Z,DDoS attack Layer 7
170.78.211.197,4,2024-08-27T19:58:40.469Z,DDoS attack Layer 7
5.17.1.93,4,2024-08-27T19:58:40.469Z,DDoS attack Layer 7
49.70.190.215,4,2024-08-27T19:58:40.469Z,DDoS attack Layer 7
38.7.2.128,4,2024-08-27T19:58:40.469Z,DDoS attack Layer 7
223.205.72.23,4,2024-08-27T19:58:40.469Z,DDoS attack Layer 7
187.230.123.150,4,2024-08-27T19:58:40.469Z,DDoS attack Layer 7
140.238.8.217,4,2024-08-27T19:58:40.469Z,DDoS attack Layer 7
45.94.135.62,4,2024-08-27T19:58:40.469Z,DDoS attack Layer 7
27.69.247.205,4,2024-08-27T19:58:40.469Z,DDoS attack Layer 7
187.227.160.118,4,2024-08-27T19:58:40.469Z,DDoS attack Layer 7
170.78.211.192,4,2024-08-27T19:58:40.469Z,DDoS attack Layer 7
129.222.204.27,4,2024-08-27T19:58:40.469Z,DDoS attack Layer 7
117.2.204.180,4,2024-08-27T19:58:40.469Z,DDoS attack Layer 7
189.6.127.247,4,2024-08-27T19:58:40.469Z,DDoS attack Layer 7
189.176.89.175,4,2024-08-27T19:58:40.469Z,DDoS attack Layer 7
178.133.149.232,4,2024-08-27T19:58:40.469Z,DDoS attack Layer 7
103.95.43.62,4,2024-08-27T19:58:40.469Z,DDoS attack Layer 7
186.148.195.67,4,2024-08-27T19:58:40.469Z,DDoS attack Layer 7
149.28.234.78,4,2024-08-27T19:58:40.469Z,DDoS attack Layer 7
8.242.189.55,4,2024-08-27T19:58:40.469Z,DDoS attack Layer 7
41.65.55.27,4,2024-08-27T19:58:40.469Z,DDoS attack Layer 7
36.77.217.66,4,2024-08-27T19:58:40.469Z,DDoS attack Layer 7
201.151.52.6,4,2024-08-27T19:58:40.469Z,DDoS attack Layer 7
163.123.192.33,4,2024-08-27T19:58:40.469Z,DDoS attack Layer 7
90.77.2.1,4,2024-08-27T19:58:40.469Z,DDoS attack Layer 7
189.237.253.232,4,2024-08-27T19:58:40.469Z,DDoS attack Layer 7
179.49.236.2,4,2024-08-27T19:58:40.469Z,DDoS attack Layer 7
116.4.189.112,4,2024-08-27T19:58:40.469Z,DDoS attack Layer 7
244.203.231.54,4,2024-08-27T19:58:40.469Z,DDoS attack Layer 7
200.173.124.142,4,2024-08-27T19:58:40.469Z,DDoS attack Layer 7
172.69.185.139,4,2024-08-27T19:58:40.469Z,DDoS attack Layer 7
167.71.202.221,4,2024-08-27T19:58:40.469Z,DDoS attack Layer 7
81.161.236.178,4,2024-08-27T19:58:40.469Z,DDoS attack Layer 7
200.125.171.252,4,2024-08-27T19:58:40.469Z,DDoS attack Layer 7
172.69.185.135,4,2024-08-27T19:58:40.469Z,DDoS attack Layer 7
102.134.171.167,4,2024-08-27T19:58:40.469Z,DDoS attack Layer 7
245.236.173.61,4,2024-08-27T19:58:40.469Z,DDoS attack Layer 7
106.227.87.11,4,2024-08-27T19:58:40.469Z,DDoS attack Layer 7
103.126.173.93,4,2024-08-27T19:58:40.469Z,DDoS attack Layer 7
65.109.88.242,4,2024-08-27T19:58:40.469Z,DDoS attack Layer 7
38.52.220.84,4,2024-08-27T19:58:40.469Z,DDoS attack Layer 7
38.51.207.190,4,2024-08-27T19:58:40.469Z,DDoS attack Layer 7
2.179.165.152,4,2024-08-27T19:58:40.469Z,DDoS attack Layer 7
191.113.164.42,4,2024-08-27T19:58:40.469Z,DDoS attack Layer 7
188.161.152.66,4,2024-08-27T19:58:40.469Z,DDoS attack Layer 7
187.18.94.85,4,2024-08-27T19:58:40.469Z,DDoS attack Layer 7
185.63.197.36,4,2024-08-27T19:58:40.469Z,DDoS attack Layer 7
109.195.98.207,4,2024-08-27T19:58:40.469Z,DDoS attack Layer 7
45.92.46.65,4,2024-08-27T19:58:40.469Z,DDoS attack Layer 7
38.199.30.238,4,2024-08-27T19:58:40.469Z,DDoS attack Layer 7
240.232.199.13,4,2024-08-27T19:58:40.469Z,DDoS attack Layer 7
190.93.89.13,4,2024-08-27T19:58:40.469Z,DDoS attack Layer 7
178.176.58.191,4,2024-08-27T19:58:40.469Z,DDoS attack Layer 7
157.230.243.111,4,2024-08-27T19:58:40.469Z,DDoS attack Layer 7
146.190.111.206,4,2024-08-27T19:58:40.469Z,DDoS attack Layer 7
140.209.236.244,4,2024-08-27T19:58:40.469Z,DDoS attack Layer 7
128.77.74.75,4,2024-08-27T19:58:40.469Z,DDoS attack Layer 7
103.150.10.15,4,2024-08-27T19:58:40.469Z,DDoS attack Layer 7
89.231.33.151,4,2024-08-27T19:58:40.469Z,DDoS attack Layer 7
206.72.192.78,4,2024-08-27T19:58:40.469Z,DDoS attack Layer 7
191.58.149.234,4,2024-08-27T19:58:40.469Z,DDoS attack Layer 7
187.43.190.170,4,2024-08-27T19:58:40.469Z,DDoS attack Layer 7
185.231.233.68,4,2024-08-27T19:58:40.469Z,DDoS attack Layer 7
177.53.215.18,4,2024-08-27T19:58:40.469Z,DDoS attack Layer 7
172.58.244.79,4,2024-08-27T19:58:40.469Z,DDoS attack Layer 7
159.69.49.223,4,2024-08-27T19:58:40.469Z,DDoS attack Layer 7
115.211.242.84,4,2024-08-27T19:58:40.469Z,DDoS attack Layer 7
35.225.26.156,4,2024-08-27T19:58:40.469Z,DDoS attack Layer 7
124.121.99.23,4,2024-08-27T19:58:40.469Z,DDoS attack Layer 7
111.174.110.75,4,2024-08-27T19:58:40.469Z,DDoS attack Layer 7
109.81.122.132,4,2024-08-27T19:58:40.469Z,DDoS attack Layer 7
106.43.45.114,4,2024-08-27T19:58:40.469Z,DDoS attack Layer 7
82.162.59.35,4,2024-08-27T19:58:40.469Z,DDoS attack Layer 7
47.88.31.196,4,2024-08-27T19:58:40.469Z,DDoS attack Layer 7
252.243.84.7,4,2024-08-27T19:58:40.469Z,DDoS attack Layer 7
38.51.207.96,4,2024-08-27T19:58:40.469Z,DDoS attack Layer 7
34.105.93.214,4,2024-08-27T19:58:40.469Z,DDoS attack Layer 7
209.182.235.243,4,2024-08-27T19:58:40.469Z,DDoS attack Layer 7
186.13.120.210,4,2024-08-27T19:58:40.469Z,DDoS attack Layer 7
128.77.74.74,4,2024-08-27T19:58:40.469Z,DDoS attack Layer 7
118.89.69.177,4,2024-08-27T19:58:40.469Z,DDoS attack Layer 7
41.254.48.190,4,2024-08-27T19:58:40.469Z,DDoS attack Layer 7
38.51.207.191,4,2024-08-27T19:58:40.469Z,DDoS attack Layer 7
38.183.182.22,4,2024-08-27T19:58:40.469Z,DDoS attack Layer 7
204.199.174.69,4,2024-08-27T19:58:40.469Z,DDoS attack Layer 7
189.155.20.91,4,2024-08-27T19:58:40.469Z,DDoS attack Layer 7
187.245.197.88,4,2024-08-27T19:58:40.469Z,DDoS attack Layer 7
185.39.30.90,4,2024-08-27T19:58:40.469Z,DDoS attack Layer 7
158.51.210.75,4,2024-08-27T19:58:40.469Z,DDoS attack Layer 7
114.46.199.115,4,2024-08-27T19:58:40.469Z,DDoS attack Layer 7
8.243.249.85,4,2024-08-27T19:58:40.469Z,DDoS attack Layer 7
64.225.96.122,4,2024-08-27T19:58:40.469Z,DDoS attack Layer 7
37.187.91.108,4,2024-08-27T19:58:40.469Z,DDoS attack Layer 7
187.189.241.249,4,2024-08-27T19:58:40.469Z,DDoS attack Layer 7
103.180.118.9,4,2024-08-27T19:58:40.469Z,DDoS attack Layer 7
61.156.113.80,4,2024-08-27T19:58:40.469Z,DDoS attack Layer 7
45.117.179.179,4,2024-08-27T19:58:40.469Z,DDoS attack Layer 7
38.57.232.254,4,2024-08-27T19:58:40.469Z,DDoS attack Layer 7
38.51.207.189,4,2024-08-27T19:58:40.469Z,DDoS attack Layer 7
243.24.132.109,4,2024-08-27T19:58:40.469Z,DDoS attack Layer 7
190.107.172.252,4,2024-08-27T19:58:40.469Z,DDoS attack Layer 7
184.82.143.55,4,2024-08-27T19:58:40.469Z,DDoS attack Layer 7
180.191.20.206,4,2024-08-27T19:58:40.469Z,DDoS attack Layer 7
170.246.21.191,4,2024-08-27T19:58:40.469Z,DDoS attack Layer 7
143.255.87.178,4,2024-08-27T19:58:40.469Z,DDoS attack Layer 7
134.209.108.83,4,2024-08-27T19:58:40.469Z,DDoS attack Layer 7
114.253.23.7,4,2024-08-27T19:58:40.469Z,DDoS attack Layer 7
91.238.105.56,4,2024-08-27T19:58:40.469Z,DDoS attack Layer 7
47.243.77.138,4,2024-08-27T19:58:40.469Z,DDoS attack Layer 7
204.199.174.68,4,2024-08-27T19:58:40.469Z,DDoS attack Layer 7
49.48.91.68,4,2024-08-27T19:58:40.469Z,DDoS attack Layer 7
45.188.167.198,4,2024-08-27T19:58:40.469Z,DDoS attack Layer 7
38.188.200.35,4,2024-08-27T19:58:40.469Z,DDoS attack Layer 7
36.76.118.150,4,2024-08-27T19:58:40.469Z,DDoS attack Layer 7
223.205.123.211,4,2024-08-27T19:58:40.469Z,DDoS attack Layer 7
186.97.102.107,4,2024-08-27T19:58:40.469Z,DDoS attack Layer 7
181.174.81.30,4,2024-08-27T19:58:40.469Z,DDoS attack Layer 7
178.159.107.41,4,2024-08-27T19:58:40.469Z,DDoS attack Layer 7
172.69.185.138,4,2024-08-27T19:58:40.469Z,DDoS attack Layer 7
117.188.206.154,4,2024-08-27T19:58:40.469Z,DDoS attack Layer 7
49.148.104.45,4,2024-08-27T19:58:40.469Z,DDoS attack Layer 7
38.43.150.72,4,2024-08-27T19:58:40.469Z,DDoS attack Layer 7
35.176.12.185,4,2024-08-27T19:58:40.469Z,DDoS attack Layer 7
223.79.253.52,4,2024-08-27T19:58:40.469Z,DDoS attack Layer 7
171.101.69.152,4,2024-08-27T19:58:40.469Z,DDoS attack Layer 7
128.199.74.174,4,2024-08-27T19:58:40.469Z,DDoS attack Layer 7
124.107.192.58,4,2024-08-27T19:58:40.469Z,DDoS attack Layer 7
113.101.244.219,4,2024-08-27T19:58:40.469Z,DDoS attack Layer 7
107.214.160.54,4,2024-08-27T19:58:40.469Z,DDoS attack Layer 7
103.40.8.15,4,2024-08-27T19:58:40.469Z,DDoS attack Layer 7
103.171.245.158,4,2024-08-27T19:58:40.469Z,DDoS attack Layer 7
77.41.146.38,4,2024-08-27T19:58:40.469Z,DDoS attack Layer 7
66.9.176.223,4,2024-08-27T19:58:40.469Z,DDoS attack Layer 7
200.125.171.253,4,2024-08-27T19:58:40.469Z,DDoS attack Layer 7
185.94.33.168,4,2024-08-27T19:58:40.469Z,DDoS attack Layer 7
178.133.128.16,4,2024-08-27T19:58:40.469Z,DDoS attack Layer 7
140.209.236.248,4,2024-08-27T19:58:40.469Z,DDoS attack Layer 7
125.165.40.250,4,2024-08-27T19:58:40.469Z,DDoS attack Layer 7
125.121.41.15,4,2024-08-27T19:58:40.469Z,DDoS attack Layer 7
112.83.252.26,4,2024-08-27T19:58:40.469Z,DDoS attack Layer 7
94.156.174.68,4,2024-08-27T19:58:40.469Z,DDoS attack Layer 7
93.189.90.179,4,2024-08-27T19:58:40.469Z,DDoS attack Layer 7
87.251.87.207,4,2024-08-27T19:58:40.469Z,DDoS attack Layer 7
63.220.195.70,4,2024-08-27T19:58:40.469Z,DDoS attack Layer 7
60.20.184.48,4,2024-08-27T19:58:40.469Z,DDoS attack Layer 7
45.77.222.201,4,2024-08-27T19:58:40.469Z,DDoS attack Layer 7
39.128.114.112,4,2024-08-27T19:58:40.469Z,DDoS attack Layer 7
38.43.123.130,4,2024-08-27T19:58:40.469Z,DDoS attack Layer 7
119.95.124.244,4,2024-08-27T19:58:40.469Z,DDoS attack Layer 7
117.153.198.194,4,2024-08-27T19:58:40.469Z,DDoS attack Layer 7
103.163.110.4,4,2024-08-27T19:58:40.469Z,DDoS attack Layer 7
89.208.106.167,4,2024-08-27T19:58:40.469Z,DDoS attack Layer 7
69.123.96.127,4,2024-08-27T19:58:40.469Z,DDoS attack Layer 7
38.10.180.22,4,2024-08-27T19:58:40.469Z,DDoS attack Layer 7
211.36.136.134,4,2024-08-27T19:58:40.469Z,DDoS attack Layer 7
204.199.139.201,4,2024-08-27T19:58:40.469Z,DDoS attack Layer 7
191.113.134.142,4,2024-08-27T19:58:40.469Z,DDoS attack Layer 7
190.82.111.46,4,2024-08-27T19:58:40.469Z,DDoS attack Layer 7
190.60.46.91,4,2024-08-27T19:58:40.469Z,DDoS attack Layer 7
172.104.209.44,4,2024-08-27T19:58:40.469Z,DDoS attack Layer 7
15.235.12.19,4,2024-08-27T19:58:40.469Z,DDoS attack Layer 7
113.57.54.216,4,2024-08-27T19:58:40.469Z,DDoS attack Layer 7
103.192.227.212,4,2024-08-27T19:58:40.469Z,DDoS attack Layer 7
45.80.104.94,4,2024-08-27T19:58:40.469Z,DDoS attack Layer 7
45.10.70.180,4,2024-08-27T19:58:40.469Z,DDoS attack Layer 7
41.220.132.28,4,2024-08-27T19:58:40.469Z,DDoS attack Layer 7
38.22.228.2,4,2024-08-27T19:58:40.469Z,DDoS attack Layer 7
36.80.72.187,4,2024-08-27T19:58:40.469Z,DDoS attack Layer 7
244.243.152.120,4,2024-08-27T19:58:40.469Z,DDoS attack Layer 7
186.86.52.9,4,2024-08-27T19:58:40.469Z,DDoS attack Layer 7
181.80.25.193,4,2024-08-27T19:58:40.469Z,DDoS attack Layer 7
178.128.216.18,4,2024-08-27T19:58:40.469Z,DDoS attack Layer 7
164.77.118.162,4,2024-08-27T19:58:40.469Z,DDoS attack Layer 7
160.202.146.165,4,2024-08-27T19:58:40.469Z,DDoS attack Layer 7
157.245.148.254,4,2024-08-27T19:58:40.469Z,DDoS attack Layer 7
111.92.189.48,4,2024-08-27T19:58:40.469Z,DDoS attack Layer 7
91.247.100.223,4,2024-08-27T19:58:40.469Z,DDoS attack Layer 7
88.150.230.186,4,2024-08-27T19:58:40.469Z,DDoS attack Layer 7
49.247.9.106,4,2024-08-27T19:58:40.469Z,DDoS attack Layer 7
45.235.255.174,4,2024-08-27T19:58:40.469Z,DDoS attack Layer 7
188.136.162.129,4,2024-08-27T19:58:40.469Z,DDoS attack Layer 7
140.209.236.245,4,2024-08-27T19:58:40.469Z,DDoS attack Layer 7
122.50.7.246,4,2024-08-27T19:58:40.469Z,DDoS attack Layer 7
97.79.159.74,4,2024-08-27T19:58:40.469Z,DDoS attack Layer 7
45.5.118.138,4,2024-08-27T19:58:40.469Z,DDoS attack Layer 7
36.132.132.242,4,2024-08-27T19:58:40.469Z,DDoS attack Layer 7
254.59.210.119,4,2024-08-27T19:58:40.469Z,DDoS attack Layer 7
188.166.183.63,4,2024-08-27T19:58:40.469Z,DDoS attack Layer 7
178.229.33.153,4,2024-08-27T19:58:40.469Z,DDoS attack Layer 7
140.209.236.240,4,2024-08-27T19:58:40.469Z,DDoS attack Layer 7
128.199.166.73,4,2024-08-27T19:58:40.469Z,DDoS attack Layer 7
121.28.141.158,4,2024-08-27T19:58:40.469Z,DDoS attack Layer 7
77.83.26.238,4,2024-08-27T19:58:40.469Z,DDoS attack Layer 7
248.25.1.182,4,2024-08-27T19:58:40.469Z,DDoS attack Layer 7
187.223.70.131,4,2024-08-27T19:58:40.469Z,DDoS attack Layer 7
181.78.80.222,4,2024-08-27T19:58:40.469Z,DDoS attack Layer 7
113.185.45.34,4,2024-08-27T19:58:40.469Z,DDoS attack Layer 7
112.83.192.103,4,2024-08-27T19:58:40.469Z,DDoS attack Layer 7
103.36.24.19,4,2024-08-27T19:58:40.469Z,DDoS attack Layer 7
103.132.31.37,4,2024-08-27T19:58:40.469Z,DDoS attack Layer 7
38.123.79.67,4,2024-08-27T19:58:40.469Z,DDoS attack Layer 7
223.73.234.243,4,2024-08-27T19:58:40.469Z,DDoS attack Layer 7
205.209.109.250,4,2024-08-27T19:58:40.469Z,DDoS attack Layer 7
155.126.176.20,4,2024-08-27T19:58:40.469Z,DDoS attack Layer 7
152.42.212.195,4,2024-08-27T19:58:40.469Z,DDoS attack Layer 7
138.59.11.179,4,2024-08-27T19:58:40.469Z,DDoS attack Layer 7
138.186.143.50,4,2024-08-27T19:58:40.469Z,DDoS attack Layer 7
133.232.150.207,4,2024-08-27T19:58:40.469Z,DDoS attack Layer 7
119.96.238.43,4,2024-08-27T19:58:40.469Z,DDoS attack Layer 7
114.92.20.131,4,2024-08-27T19:58:40.469Z,DDoS attack Layer 7
45.140.207.58,4,2024-08-27T19:58:40.469Z,DDoS attack Layer 7
38.9.44.93,4,2024-08-27T19:58:40.469Z,DDoS attack Layer 7
38.57.232.74,4,2024-08-27T19:58:40.469Z,DDoS attack Layer 7
38.255.23.131,4,2024-08-27T19:58:40.469Z,DDoS attack Layer 7
246.134.138.224,4,2024-08-27T19:58:40.469Z,DDoS attack Layer 7
200.173.214.28,4,2024-08-27T19:58:40.469Z,DDoS attack Layer 7
185.152.94.109,4,2024-08-27T19:58:40.469Z,DDoS attack Layer 7
180.88.111.187,4,2024-08-27T19:58:40.469Z,DDoS attack Layer 7
140.209.236.249,4,2024-08-27T19:58:40.469Z,DDoS attack Layer 7
119.183.171.7,4,2024-08-27T19:58:40.469Z,DDoS attack Layer 7
115.206.139.157,4,2024-08-27T19:58:40.469Z,DDoS attack Layer 7
113.95.182.44,4,2024-08-27T19:58:40.469Z,DDoS attack Layer 7
113.101.244.76,4,2024-08-27T19:58:40.469Z,DDoS attack Layer 7
79.105.136.204,4,2024-08-27T19:58:40.469Z,DDoS attack Layer 7
45.225.206.77,4,2024-08-27T19:58:40.469Z,DDoS attack Layer 7
38.159.229.57,4,2024-08-27T19:58:40.469Z,DDoS attack Layer 7
193.233.249.89,4,2024-08-27T19:58:40.469Z,DDoS attack Layer 7
188.166.237.53,4,2024-08-27T19:58:40.469Z,DDoS attack Layer 7
177.53.152.34,4,2024-08-27T19:58:40.469Z,DDoS attack Layer 7
176.47.85.140,4,2024-08-27T19:58:40.469Z,DDoS attack Layer 7
157.100.9.234,4,2024-08-27T19:58:40.469Z,DDoS attack Layer 7
122.52.234.54,4,2024-08-27T19:58:40.469Z,DDoS attack Layer 7
119.96.145.125,4,2024-08-27T19:58:40.469Z,DDoS attack Layer 7
103.148.112.245,4,2024-08-27T19:58:40.469Z,DDoS attack Layer 7
1.12.62.224,4,2024-08-27T19:58:40.469Z,DDoS attack Layer 7
83.142.54.160,4,2024-08-27T19:58:40.469Z,DDoS attack Layer 7
5.59.142.133,4,2024-08-27T19:58:40.469Z,DDoS attack Layer 7
45.166.155.42,4,2024-08-27T19:58:40.469Z,DDoS attack Layer 7
38.51.207.97,4,2024-08-27T19:58:40.469Z,DDoS attack Layer 7
38.224.56.211,4,2024-08-27T19:58:40.469Z,DDoS attack Layer 7
31.144.144.80,4,2024-08-27T19:58:40.469Z,DDoS attack Layer 7
249.13.188.243,4,2024-08-27T19:58:40.469Z,DDoS attack Layer 7
218.59.62.126,4,2024-08-27T19:58:40.469Z,DDoS attack Layer 7
190.99.71.21,4,2024-08-27T19:58:40.469Z,DDoS attack Layer 7
190.97.251.76,4,2024-08-27T19:58:40.469Z,DDoS attack Layer 7
190.237.238.144,4,2024-08-27T19:58:40.469Z,DDoS attack Layer 7
119.95.244.25,4,2024-08-27T19:58:40.469Z,DDoS attack Layer 7
117.121.202.22,4,2024-08-27T19:58:40.469Z,DDoS attack Layer 7
115.236.19.107,4,2024-08-27T19:58:40.469Z,DDoS attack Layer 7
111.60.27.232,4,2024-08-27T19:58:40.469Z,DDoS attack Layer 7
92.124.132.106,4,2024-08-27T19:58:40.469Z,DDoS attack Layer 7
37.139.104.233,4,2024-08-27T19:58:40.469Z,DDoS attack Layer 7
36.101.115.163,4,2024-08-27T19:58:40.469Z,DDoS attack Layer 7
213.232.120.53,4,2024-08-27T19:58:40.469Z,DDoS attack Layer 7
193.233.143.177,4,2024-08-27T19:58:40.469Z,DDoS attack Layer 7
190.97.251.77,4,2024-08-27T19:58:40.469Z,DDoS attack Layer 7
190.235.185.131,4,2024-08-27T19:58:40.469Z,DDoS attack Layer 7
185.88.102.73,4,2024-08-27T19:58:40.469Z,DDoS attack Layer 7
185.88.100.234,4,2024-08-27T19:58:40.469Z,DDoS attack Layer 7
152.42.246.245,4,2024-08-27T19:58:40.469Z,DDoS attack Layer 7
118.136.144.175,4,2024-08-27T19:58:40.469Z,DDoS attack Layer 7
118.103.235.98,4,2024-08-27T19:58:40.469Z,DDoS attack Layer 7
45.140.204.203,4,2024-08-27T19:58:40.469Z,DDoS attack Layer 7
38.57.232.253,4,2024-08-27T19:58:40.469Z,DDoS attack Layer 7
38.49.149.213,4,2024-08-27T19:58:40.469Z,DDoS attack Layer 7
38.43.123.133,4,2024-08-27T19:58:40.469Z,DDoS attack Layer 7
38.183.182.23,4,2024-08-27T19:58:40.469Z,DDoS attack Layer 7
38.123.79.64,4,2024-08-27T19:58:40.469Z,DDoS attack Layer 7
35.179.135.252,4,2024-08-27T19:58:40.469Z,DDoS attack Layer 7
204.199.139.226,4,2024-08-27T19:58:40.469Z,DDoS attack Layer 7
191.58.128.123,4,2024-08-27T19:58:40.469Z,DDoS attack Layer 7
190.93.89.9,4,2024-08-27T19:58:40.469Z,DDoS attack Layer 7
190.225.148.49,4,2024-08-27T19:58:40.469Z,DDoS attack Layer 7
180.125.43.9,4,2024-08-27T19:58:40.469Z,DDoS attack Layer 7
174.138.29.5,4,2024-08-27T19:58:40.469Z,DDoS attack Layer 7
139.59.130.72,4,2024-08-27T19:58:40.469Z,DDoS attack Layer 7
115.50.124.19,4,2024-08-27T19:58:40.469Z,DDoS attack Layer 7
110.88.224.252,4,2024-08-27T19:58:40.469Z,DDoS attack Layer 7
103.79.141.180,4,2024-08-27T19:58:40.469Z,DDoS attack Layer 7
103.167.68.75,4,2024-08-27T19:58:40.469Z,DDoS attack Layer 7
103.156.74.195,4,2024-08-27T19:58:40.469Z,DDoS attack Layer 7
45.143.97.17,4,2024-08-27T19:58:40.469Z,DDoS attack Layer 7
38.10.180.29,4,2024-08-27T19:58:40.469Z,DDoS attack Layer 7
31.144.36.231,4,2024-08-27T19:58:40.469Z,DDoS attack Layer 7
245.73.217.21,4,2024-08-27T19:58:40.469Z,DDoS attack Layer 7
245.1.147.205,4,2024-08-27T19:58:40.469Z,DDoS attack Layer 7
193.142.201.87,4,2024-08-27T19:58:40.469Z,DDoS attack Layer 7
190.103.30.18,4,2024-08-27T19:58:40.469Z,DDoS attack Layer 7
177.87.144.122,4,2024-08-27T19:58:40.469Z,DDoS attack Layer 7
140.209.236.239,4,2024-08-27T19:58:40.469Z,DDoS attack Layer 7
120.229.73.2,4,2024-08-27T19:58:40.469Z,DDoS attack Layer 7
97.79.159.59,4,2024-08-27T19:58:40.469Z,DDoS attack Layer 7
82.223.103.69,4,2024-08-27T19:58:40.469Z,DDoS attack Layer 7
76.169.129.241,4,2024-08-27T19:58:40.469Z,DDoS attack Layer 7
49.43.116.150,4,2024-08-27T19:58:40.469Z,DDoS attack Layer 7
255.129.216.231,4,2024-08-27T19:58:40.469Z,DDoS attack Layer 7
185.61.220.226,4,2024-08-27T19:58:40.469Z,DDoS attack Layer 7
183.96.46.141,4,2024-08-27T19:58:40.469Z,DDoS attack Layer 7
179.59.80.96,4,2024-08-27T19:58:40.469Z,DDoS attack Layer 7
175.178.77.128,4,2024-08-27T19:58:40.469Z,DDoS attack Layer 7
175.155.178.210,4,2024-08-27T19:58:40.469Z,DDoS attack Layer 7
150.95.27.197,4,2024-08-27T19:58:40.469Z,DDoS attack Layer 7
128.199.227.173,4,2024-08-27T19:58:40.469Z,DDoS attack Layer 7
116.107.88.230,4,2024-08-27T19:58:40.469Z,DDoS attack Layer 7
115.167.30.249,4,2024-08-27T19:58:40.469Z,DDoS attack Layer 7
112.198.178.194,4,2024-08-27T19:58:40.469Z,DDoS attack Layer 7
103.159.194.181,4,2024-08-27T19:58:40.469Z,DDoS attack Layer 7
89.96.183.66,4,2024-08-27T19:58:40.469Z,DDoS attack Layer 7
83.171.226.187,4,2024-08-27T19:58:40.469Z,DDoS attack Layer 7
83.142.52.163,4,2024-08-27T19:58:40.469Z,DDoS attack Layer 7
77.92.145.138,4,2024-08-27T19:58:40.469Z,DDoS attack Layer 7
47.88.59.79,4,2024-08-27T19:58:40.469Z,DDoS attack Layer 7
46.161.56.77,4,2024-08-27T19:58:40.469Z,DDoS attack Layer 7
38.41.4.166,4,2024-08-27T19:58:40.469Z,DDoS attack Layer 7
38.255.21.130,4,2024-08-27T19:58:40.469Z,DDoS attack Layer 7
250.150.245.169,4,2024-08-27T19:58:40.469Z,DDoS attack Layer 7
211.86.155.148,4,2024-08-27T19:58:40.469Z,DDoS attack Layer 7
202.40.185.174,4,2024-08-27T19:58:40.469Z,DDoS attack Layer 7
193.202.82.155,4,2024-08-27T19:58:40.469Z,DDoS attack Layer 7
190.242.157.206,4,2024-08-27T19:58:40.469Z,DDoS attack Layer 7
190.211.2.210,4,2024-08-27T19:58:40.469Z,DDoS attack Layer 7
181.163.55.141,4,2024-08-27T19:58:40.469Z,DDoS attack Layer 7
178.205.101.67,4,2024-08-27T19:58:40.469Z,DDoS attack Layer 7
165.16.67.234,4,2024-08-27T19:58:40.469Z,DDoS attack Layer 7
15.204.240.177,4,2024-08-27T19:58:40.469Z,DDoS attack Layer 7
110.232.82.184,4,2024-08-27T19:58:40.469Z,DDoS attack Layer 7
103.62.153.212,4,2024-08-27T19:58:40.469Z,DDoS attack Layer 7
101.80.167.83,4,2024-08-27T19:58:40.469Z,DDoS attack Layer 7
101.35.128.31,4,2024-08-27T19:58:40.469Z,DDoS attack Layer 7
1.197.47.48,4,2024-08-27T19:58:40.469Z,DDoS attack Layer 7
97.79.159.80,4,2024-08-27T19:58:40.469Z,DDoS attack Layer 7
88.218.47.248,4,2024-08-27T19:58:40.469Z,DDoS attack Layer 7
59.173.59.4,4,2024-08-27T19:58:40.469Z,DDoS attack Layer 7
49.49.72.106,4,2024-08-27T19:58:40.469Z,DDoS attack Layer 7
45.239.28.1,4,2024-08-27T19:58:40.469Z,DDoS attack Layer 7
45.224.117.211,4,2024-08-27T19:58:40.469Z,DDoS attack Layer 7
45.138.102.208,4,2024-08-27T19:58:40.469Z,DDoS attack Layer 7
45.131.176.51,4,2024-08-27T19:58:40.469Z,DDoS attack Layer 7
38.255.23.130,4,2024-08-27T19:58:40.469Z,DDoS attack Layer 7
37.72.141.219,4,2024-08-27T19:58:40.469Z,DDoS attack Layer 7
31.14.40.93,4,2024-08-27T19:58:40.469Z,DDoS attack Layer 7
253.24.17.192,4,2024-08-27T19:58:40.469Z,DDoS attack Layer 7
244.140.32.174,4,2024-08-27T19:58:40.469Z,DDoS attack Layer 7
194.26.129.16,4,2024-08-27T19:58:40.469Z,DDoS attack Layer 7
194.104.11.21,4,2024-08-27T19:58:40.469Z,DDoS attack Layer 7
193.233.248.26,4,2024-08-27T19:58:40.469Z,DDoS attack Layer 7
189.232.101.190,4,2024-08-27T19:58:40.469Z,DDoS attack Layer 7
185.89.100.65,4,2024-08-27T19:58:40.469Z,DDoS attack Layer 7
185.68.184.237,4,2024-08-27T19:58:40.469Z,DDoS attack Layer 7
181.67.96.87,4,2024-08-27T19:58:40.469Z,DDoS attack Layer 7
179.60.53.37,4,2024-08-27T19:58:40.469Z,DDoS attack Layer 7
177.93.49.202,4,2024-08-27T19:58:40.469Z,DDoS attack Layer 7
154.222.227.90,4,2024-08-27T19:58:40.469Z,DDoS attack Layer 7
140.209.236.241,4,2024-08-27T19:58:40.469Z,DDoS attack Layer 7
14.248.19.122,4,2024-08-27T19:58:40.469Z,DDoS attack Layer 7
138.121.114.60,4,2024-08-27T19:58:40.469Z,DDoS attack Layer 7
119.8.25.166,4,2024-08-27T19:58:40.469Z,DDoS attack Layer 7
108.2.113.20,4,2024-08-27T19:58:40.469Z,DDoS attack Layer 7
106.115.86.16,4,2024-08-27T19:58:40.469Z,DDoS attack Layer 7
103.90.233.210,4,2024-08-27T19:58:40.469Z,DDoS attack Layer 7
103.124.137.179,4,2024-08-27T19:58:40.469Z,DDoS attack Layer 7
102.0.12.234,4,2024-08-27T19:58:40.469Z,DDoS attack Layer 7
83.171.226.20,4,2024-08-27T19:58:40.469Z,DDoS attack Layer 7
79.142.79.194,4,2024-08-27T19:58:40.469Z,DDoS attack Layer 7
64.32.119.113,4,2024-08-27T19:58:40.469Z,DDoS attack Layer 7
45.7.64.126,4,2024-08-27T19:58:40.469Z,DDoS attack Layer 7
45.138.102.167,4,2024-08-27T19:58:40.469Z,DDoS attack Layer 7
38.183.182.16,4,2024-08-27T19:58:40.469Z,DDoS attack Layer 7
38.156.235.37,4,2024-08-27T19:58:40.469Z,DDoS attack Layer 7
252.219.220.145,4,2024-08-27T19:58:40.469Z,DDoS attack Layer 7
250.229.194.79,4,2024-08-27T19:58:40.469Z,DDoS attack Layer 7
242.201.66.165,4,2024-08-27T19:58:40.469Z,DDoS attack Layer 7
183.178.50.58,4,2024-08-27T19:58:40.469Z,DDoS attack Layer 7
177.130.104.118,4,2024-08-27T19:58:40.469Z,DDoS attack Layer 7
1.52.203.106,4,2024-08-27T19:58:40.469Z,DDoS attack Layer 7
85.117.239.6,4,2024-08-27T19:58:40.469Z,DDoS attack Layer 7
45.236.28.87,4,2024-08-27T19:58:40.469Z,DDoS attack Layer 7
45.174.250.16,4,2024-08-27T19:58:40.469Z,DDoS attack Layer 7
43.130.26.158,4,2024-08-27T19:58:40.469Z,DDoS attack Layer 7
38.51.207.188,4,2024-08-27T19:58:40.469Z,DDoS attack Layer 7
31.144.172.196,4,2024-08-27T19:58:40.469Z,DDoS attack Layer 7
254.71.167.146,4,2024-08-27T19:58:40.469Z,DDoS attack Layer 7
254.250.151.22,4,2024-08-27T19:58:40.469Z,DDoS attack Layer 7
250.194.197.181,4,2024-08-27T19:58:40.469Z,DDoS attack Layer 7
247.26.216.92,4,2024-08-27T19:58:40.469Z,DDoS attack Layer 7
244.177.224.116,4,2024-08-27T19:58:40.469Z,DDoS attack Layer 7
190.233.84.195,4,2024-08-27T19:58:40.469Z,DDoS attack Layer 7
185.81.145.24,4,2024-08-27T19:58:40.469Z,DDoS attack Layer 7
130.255.71.15,4,2024-08-27T19:58:40.469Z,DDoS attack Layer 7
119.156.82.41,4,2024-08-27T19:58:40.469Z,DDoS attack Layer 7
103.186.90.18,4,2024-08-27T19:58:40.469Z,DDoS attack Layer 7
83.142.54.242,4,2024-08-27T19:58:40.469Z,DDoS attack Layer 7
45.80.105.66,4,2024-08-27T19:58:40.469Z,DDoS attack Layer 7
45.236.28.85,4,2024-08-27T19:58:40.469Z,DDoS attack Layer 7
45.229.40.102,4,2024-08-27T19:58:40.469Z,DDoS attack Layer 7
253.74.77.133,4,2024-08-27T19:58:40.469Z,DDoS attack Layer 7
252.209.125.107,4,2024-08-27T19:58:40.469Z,DDoS attack Layer 7
241.4.86.211,4,2024-08-27T19:58:40.469Z,DDoS attack Layer 7
219.131.85.253,4,2024-08-27T19:58:40.469Z,DDoS attack Layer 7
200.173.212.13,4,2024-08-27T19:58:40.469Z,DDoS attack Layer 7
200.105.104.77,4,2024-08-27T19:58:40.469Z,DDoS attack Layer 7
195.250.81.148,4,2024-08-27T19:58:40.469Z,DDoS attack Layer 7
186.67.36.2,4,2024-08-27T19:58:40.469Z,DDoS attack Layer 7
186.205.224.50,4,2024-08-27T19:58:40.469Z,DDoS attack Layer 7
179.43.8.100,4,2024-08-27T19:58:40.469Z,DDoS attack Layer 7
112.119.95.95,4,2024-08-27T19:58:40.469Z,DDoS attack Layer 7
104.225.1.212,4,2024-08-27T19:58:40.469Z,DDoS attack Layer 7
104.196.243.73,4,2024-08-27T19:58:40.469Z,DDoS attack Layer 7
103.82.103.176,4,2024-08-27T19:58:40.469Z,DDoS attack Layer 7
103.189.123.33,4,2024-08-27T19:58:40.469Z,DDoS attack Layer 7
97.79.159.53,4,2024-08-27T19:58:40.469Z,DDoS attack Layer 7
74.205.133.143,4,2024-08-27T19:58:40.469Z,DDoS attack Layer 7
46.161.59.144,4,2024-08-27T19:58:40.469Z,DDoS attack Layer 7
45.171.109.100,4,2024-08-27T19:58:40.469Z,DDoS attack Layer 7
37.235.28.194,4,2024-08-27T19:58:40.469Z,DDoS attack Layer 7
243.105.150.247,4,2024-08-27T19:58:40.469Z,DDoS attack Layer 7
221.223.97.100,4,2024-08-27T19:58:40.469Z,DDoS attack Layer 7
218.5.173.234,4,2024-08-27T19:58:40.469Z,DDoS attack Layer 7
203.104.34.144,4,2024-08-27T19:58:40.469Z,DDoS attack Layer 7
201.185.140.28,4,2024-08-27T19:58:40.469Z,DDoS attack Layer 7
193.233.248.107,4,2024-08-27T19:58:40.469Z,DDoS attack Layer 7
185.41.41.12,4,2024-08-27T19:58:40.469Z,DDoS attack Layer 7
181.57.171.254,4,2024-08-27T19:58:40.469Z,DDoS attack Layer 7
165.225.57.172,4,2024-08-27T19:58:40.469Z,DDoS attack Layer 7
120.229.186.178,4,2024-08-27T19:58:40.469Z,DDoS attack Layer 7
97.79.159.55,4,2024-08-27T19:58:40.469Z,DDoS attack Layer 7
87.100.145.190,4,2024-08-27T19:58:40.469Z,DDoS attack Layer 7
49.4.4.129,4,2024-08-27T19:58:40.469Z,DDoS attack Layer 7
45.224.117.109,4,2024-08-27T19:58:40.469Z,DDoS attack Layer 7
45.167.124.236,4,2024-08-27T19:58:40.469Z,DDoS attack Layer 7
45.138.100.246,4,2024-08-27T19:58:40.469Z,DDoS attack Layer 7
4.247.152.147,4,2024-08-27T19:58:40.469Z,DDoS attack Layer 7
38.9.44.71,4,2024-08-27T19:58:40.469Z,DDoS attack Layer 7
38.188.178.250,4,2024-08-27T19:58:40.469Z,DDoS attack Layer 7
250.127.127.4,4,2024-08-27T19:58:40.469Z,DDoS attack Layer 7
249.83.6.63,4,2024-08-27T19:58:40.469Z,DDoS attack Layer 7
213.232.123.61,4,2024-08-27T19:58:40.469Z,DDoS attack Layer 7
212.42.117.30,4,2024-08-27T19:58:40.469Z,DDoS attack Layer 7
212.174.242.114,4,2024-08-27T19:58:40.469Z,DDoS attack Layer 7
212.119.47.209,4,2024-08-27T19:58:40.469Z,DDoS attack Layer 7
193.233.248.72,4,2024-08-27T19:58:40.469Z,DDoS attack Layer 7
193.202.13.200,4,2024-08-27T19:58:40.469Z,DDoS attack Layer 7
185.81.144.132,4,2024-08-27T19:58:40.469Z,DDoS attack Layer 7
185.68.152.69,4,2024-08-27T19:58:40.469Z,DDoS attack Layer 7
182.23.90.3,4,2024-08-27T19:58:40.469Z,DDoS attack Layer 7
179.1.203.74,4,2024-08-27T19:58:40.469Z,DDoS attack Layer 7
155.138.218.57,4,2024-08-27T19:58:40.469Z,DDoS attack Layer 7
152.42.247.17,4,2024-08-27T19:58:40.469Z,DDoS attack Layer 7
140.209.237.228,4,2024-08-27T19:58:40.469Z,DDoS attack Layer 7
128.199.224.79,4,2024-08-27T19:58:40.469Z,DDoS attack Layer 7
119.96.118.113,4,2024-08-27T19:58:40.469Z,DDoS attack Layer 7
119.96.100.63,4,2024-08-27T19:58:40.469Z,DDoS attack Layer 7
95.217.153.151,4,2024-08-27T19:58:40.469Z,DDoS attack Layer 7
49.37.225.77,4,2024-08-27T19:58:40.469Z,DDoS attack Layer 7
46.161.63.174,4,2024-08-27T19:58:40.469Z,DDoS attack Layer 7
45.238.143.14,4,2024-08-27T19:58:40.469Z,DDoS attack Layer 7
45.10.163.174,4,2024-08-27T19:58:40.469Z,DDoS attack Layer 7
31.40.210.87,4,2024-08-27T19:58:40.469Z,DDoS attack Layer 7
253.58.24.198,4,2024-08-27T19:58:40.469Z,DDoS attack Layer 7
247.218.194.77,4,2024-08-27T19:58:40.469Z,DDoS attack Layer 7
244.54.102.70,4,2024-08-27T19:58:40.469Z,DDoS attack Layer 7
240.236.142.52,4,2024-08-27T19:58:40.469Z,DDoS attack Layer 7
223.79.247.27,4,2024-08-27T19:58:40.469Z,DDoS attack Layer 7
221.15.251.53,4,2024-08-27T19:58:40.469Z,DDoS attack Layer 7
211.36.137.67,4,2024-08-27T19:58:40.469Z,DDoS attack Layer 7
207.248.115.114,4,2024-08-27T19:58:40.469Z,DDoS attack Layer 7
202.57.25.67,4,2024-08-27T19:58:40.469Z,DDoS attack Layer 7
201.137.1.75,4,2024-08-27T19:58:40.469Z,DDoS attack Layer 7
193.233.249.210,4,2024-08-27T19:58:40.469Z,DDoS attack Layer 7
188.125.167.71,4,2024-08-27T19:58:40.469Z,DDoS attack Layer 7
187.43.182.207,4,2024-08-27T19:58:40.469Z,DDoS attack Layer 7
185.68.153.77,4,2024-08-27T19:58:40.469Z,DDoS attack Layer 7
181.161.43.72,4,2024-08-27T19:58:40.469Z,DDoS attack Layer 7
179.1.147.131,4,2024-08-27T19:58:40.469Z,DDoS attack Layer 7
160.202.146.166,4,2024-08-27T19:58:40.469Z,DDoS attack Layer 7
140.209.236.250,4,2024-08-27T19:58:40.469Z,DDoS attack Layer 7
140.209.236.243,4,2024-08-27T19:58:40.469Z,DDoS attack Layer 7
116.147.36.157,4,2024-08-27T19:58:40.469Z,DDoS attack Layer 7
112.42.75.183,4,2024-08-27T19:58:40.469Z,DDoS attack Layer 7
103.36.24.20,4,2024-08-27T19:58:40.469Z,DDoS attack Layer 7
103.130.142.127,4,2024-08-27T19:58:40.469Z,DDoS attack Layer 7
103.118.46.12,4,2024-08-27T19:58:40.469Z,DDoS attack Layer 7
101.228.160.162,4,2024-08-27T19:58:40.469Z,DDoS attack Layer 7
1.0.208.171,4,2024-08-27T19:58:40.469Z,DDoS attack Layer 7
97.79.159.51,4,2024-08-27T19:58:40.469Z,DDoS attack Layer 7
84.215.199.13,4,2024-08-27T19:58:40.469Z,DDoS attack Layer 7
45.138.102.229,4,2024-08-27T19:58:40.469Z,DDoS attack Layer 7
38.7.2.139,4,2024-08-27T19:58:40.469Z,DDoS attack Layer 7
34.169.33.16,4,2024-08-27T19:58:40.469Z,DDoS attack Layer 7
252.231.153.12,4,2024-08-27T19:58:40.469Z,DDoS attack Layer 7
212.18.113.120,4,2024-08-27T19:58:40.469Z,DDoS attack Layer 7
200.82.141.140,4,2024-08-27T19:58:40.469Z,DDoS attack Layer 7
193.233.250.236,4,2024-08-27T19:58:40.469Z,DDoS attack Layer 7
185.61.220.208,4,2024-08-27T19:58:40.469Z,DDoS attack Layer 7
185.61.218.76,4,2024-08-27T19:58:40.469Z,DDoS attack Layer 7
185.212.115.244,4,2024-08-27T19:58:40.469Z,DDoS attack Layer 7
183.198.240.199,4,2024-08-27T19:58:40.469Z,DDoS attack Layer 7
181.78.95.63,4,2024-08-27T19:58:40.469Z,DDoS attack Layer 7
179.0.106.96,4,2024-08-27T19:58:40.469Z,DDoS attack Layer 7
178.20.215.42,4,2024-08-27T19:58:40.469Z,DDoS attack Layer 7
167.71.207.70,4,2024-08-27T19:58:40.469Z,DDoS attack Layer 7
162.248.100.250,4,2024-08-27T19:58:40.469Z,DDoS attack Layer 7
157.10.7.84,4,2024-08-27T19:58:40.469Z,DDoS attack Layer 7
146.19.78.77,4,2024-08-27T19:58:40.469Z,DDoS attack Layer 7
140.209.236.247,4,2024-08-27T19:58:40.469Z,DDoS attack Layer 7
131.196.115.147,4,2024-08-27T19:58:40.469Z,DDoS attack Layer 7
124.110.106.168,4,2024-08-27T19:58:40.469Z,DDoS attack Layer 7
123.59.0.99,4,2024-08-27T19:58:40.469Z,DDoS attack Layer 7
91.214.31.234,4,2024-08-27T19:58:40.469Z,DDoS attack Layer 7
83.142.52.53,4,2024-08-27T19:58:40.469Z,DDoS attack Layer 7
77.83.27.89,4,2024-08-27T19:58:40.469Z,DDoS attack Layer 7
61.9.34.82,4,2024-08-27T19:58:40.469Z,DDoS attack Layer 7
58.69.125.145,4,2024-08-27T19:58:40.469Z,DDoS attack Layer 7
45.80.104.23,4,2024-08-27T19:58:40.469Z,DDoS attack Layer 7
45.188.111.242,4,2024-08-27T19:58:40.469Z,DDoS attack Layer 7
38.52.220.171,4,2024-08-27T19:58:40.469Z,DDoS attack Layer 7
37.72.141.60,4,2024-08-27T19:58:40.469Z,DDoS attack Layer 7
252.95.108.208,4,2024-08-27T19:58:40.469Z,DDoS attack Layer 7
240.238.59.83,4,2024-08-27T19:58:40.469Z,DDoS attack Layer 7
213.232.122.87,4,2024-08-27T19:58:40.469Z,DDoS attack Layer 7
211.36.146.78,4,2024-08-27T19:58:40.469Z,DDoS attack Layer 7
200.173.126.63,4,2024-08-27T19:58:40.469Z,DDoS attack Layer 7
200.106.167.231,4,2024-08-27T19:58:40.469Z,DDoS attack Layer 7
188.132.222.247,4,2024-08-27T19:58:40.469Z,DDoS attack Layer 7
185.68.155.56,4,2024-08-27T19:58:40.469Z,DDoS attack Layer 7
185.14.192.69,4,2024-08-27T19:58:40.469Z,DDoS attack Layer 7
158.180.89.39,4,2024-08-27T19:58:40.469Z,DDoS attack Layer 7
149.108.183.105,4,2024-08-27T19:58:40.469Z,DDoS attack Layer 7
141.164.221.124,4,2024-08-27T19:58:40.469Z,DDoS attack Layer 7
135.181.160.39,4,2024-08-27T19:58:40.469Z,DDoS attack Layer 7
120.226.220.138,4,2024-08-27T19:58:40.469Z,DDoS attack Layer 7
114.93.136.186,4,2024-08-27T19:58:40.469Z,DDoS attack Layer 7
111.200.161.178,4,2024-08-27T19:58:40.469Z,DDoS attack Layer 7
97.79.159.83,4,2024-08-27T19:58:40.469Z,DDoS attack Layer 7
97.79.159.62,4,2024-08-27T19:58:40.469Z,DDoS attack Layer 7
84.247.168.26,4,2024-08-27T19:58:40.469Z,DDoS attack Layer 7
77.243.90.118,4,2024-08-27T19:58:40.469Z,DDoS attack Layer 7
61.14.233.227,4,2024-08-27T19:58:40.469Z,DDoS attack Layer 7
5.181.169.30,4,2024-08-27T19:58:40.469Z,DDoS attack Layer 7
45.174.110.18,4,2024-08-27T19:58:40.469Z,DDoS attack Layer 7
244.224.78.6,4,2024-08-27T19:58:40.469Z,DDoS attack Layer 7
223.225.62.80,4,2024-08-27T19:58:40.469Z,DDoS attack Layer 7
223.204.50.252,4,2024-08-27T19:58:40.469Z,DDoS attack Layer 7
213.108.2.203,4,2024-08-27T19:58:40.469Z,DDoS attack Layer 7
200.173.214.13,4,2024-08-27T19:58:40.469Z,DDoS attack Layer 7
194.104.8.210,4,2024-08-27T19:58:40.469Z,DDoS attack Layer 7
193.233.250.66,4,2024-08-27T19:58:40.469Z,DDoS attack Layer 7
190.167.90.233,4,2024-08-27T19:58:40.469Z,DDoS attack Layer 7
189.203.206.52,4,2024-08-27T19:58:40.469Z,DDoS attack Layer 7
189.151.37.0,4,2024-08-27T19:58:40.469Z,DDoS attack Layer 7
185.81.144.32,4,2024-08-27T19:58:40.469Z,DDoS attack Layer 7
185.68.155.11,4,2024-08-27T19:58:40.469Z,DDoS attack Layer 7
185.247.185.19,4,2024-08-27T19:58:40.469Z,DDoS attack Layer 7
181.225.101.235,4,2024-08-27T19:58:40.469Z,DDoS attack Layer 7
172.69.185.136,4,2024-08-27T19:58:40.469Z,DDoS attack Layer 7
172.56.168.206,4,2024-08-27T19:58:40.469Z,DDoS attack Layer 7
157.245.128.100,4,2024-08-27T19:58:40.469Z,DDoS attack Layer 7
149.102.128.21,4,2024-08-27T19:58:40.469Z,DDoS attack Layer 7
140.255.170.64,4,2024-08-27T19:58:40.469Z,DDoS attack Layer 7
140.209.236.246,4,2024-08-27T19:58:40.469Z,DDoS attack Layer 7
123.55.44.152,4,2024-08-27T19:58:40.469Z,DDoS attack Layer 7
119.96.195.62,4,2024-08-27T19:58:40.469Z,DDoS attack Layer 7
105.154.79.47,4,2024-08-27T19:58:40.469Z,DDoS attack Layer 7
95.216.25.151,4,2024-08-27T19:58:40.469Z,DDoS attack Layer 7
91.243.95.137,4,2024-08-27T19:58:40.469Z,DDoS attack Layer 7
79.106.108.131,4,2024-08-27T19:58:40.469Z,DDoS attack Layer 7
77.220.193.40,4,2024-08-27T19:58:40.469Z,DDoS attack Layer 7
77.220.193.209,4,2024-08-27T19:58:40.469Z,DDoS attack Layer 7
72.47.200.123,4,2024-08-27T19:58:40.469Z,DDoS attack Layer 7
68.72.106.234,4,2024-08-27T19:58:40.469Z,DDoS attack Layer 7
52.87.180.142,4,2024-08-27T19:58:40.469Z,DDoS attack Layer 7
50.205.202.249,4,2024-08-27T19:58:40.469Z,DDoS attack Layer 7
5.56.124.176,4,2024-08-27T19:58:40.469Z,DDoS attack Layer 7
45.66.208.103,4,2024-08-27T19:58:40.469Z,DDoS attack Layer 7
45.171.111.255,4,2024-08-27T19:58:40.469Z,DDoS attack Layer 7
45.138.103.27,4,2024-08-27T19:58:40.469Z,DDoS attack Layer 7
42.238.152.124,4,2024-08-27T19:58:40.469Z,DDoS attack Layer 7
41.254.56.173,4,2024-08-27T19:58:40.469Z,DDoS attack Layer 7
41.178.6.35,4,2024-08-27T19:58:40.469Z,DDoS attack Layer 7
38.172.128.114,4,2024-08-27T19:58:40.469Z,DDoS attack Layer 7
34.127.36.130,4,2024-08-27T19:58:40.469Z,DDoS attack Layer 7
251.57.130.140,4,2024-08-27T19:58:40.469Z,DDoS attack Layer 7
244.173.40.14,4,2024-08-27T19:58:40.469Z,DDoS attack Layer 7
241.25.137.246,4,2024-08-27T19:58:40.469Z,DDoS attack Layer 7
213.232.122.205,4,2024-08-27T19:58:40.469Z,DDoS attack Layer 7
207.180.253.143,4,2024-08-27T19:58:40.469Z,DDoS attack Layer 7
207.148.67.52,4,2024-08-27T19:58:40.469Z,DDoS attack Layer 7
206.189.135.92,4,2024-08-27T19:58:40.469Z,DDoS attack Layer 7
190.94.213.83,4,2024-08-27T19:58:40.469Z,DDoS attack Layer 7
190.6.1.78,4,2024-08-27T19:58:40.469Z,DDoS attack Layer 7
185.96.37.70,4,2024-08-27T19:58:40.469Z,DDoS attack Layer 7
185.152.94.120,4,2024-08-27T19:58:40.469Z,DDoS attack Layer 7
178.159.107.29,4,2024-08-27T19:58:40.469Z,DDoS attack Layer 7
178.133.9.129,4,2024-08-27T19:58:40.469Z,DDoS attack Layer 7
175.178.115.220,4,2024-08-27T19:58:40.469Z,DDoS attack Layer 7
150.230.93.139,4,2024-08-27T19:58:40.469Z,DDoS attack Layer 7
148.255.149.136,4,2024-08-27T19:58:40.469Z,DDoS attack Layer 7
147.78.182.127,4,2024-08-27T19:58:40.469Z,DDoS attack Layer 7
140.255.171.91,4,2024-08-27T19:58:40.469Z,DDoS attack Layer 7
121.166.116.121,4,2024-08-27T19:58:40.469Z,DDoS attack Layer 7
117.219.85.193,4,2024-08-27T19:58:40.469Z,DDoS attack Layer 7
104.28.193.116,4,2024-08-27T19:58:40.469Z,DDoS attack Layer 7
103.187.164.66,4,2024-08-27T19:58:40.469Z,DDoS attack Layer 7
103.156.75.40,4,2024-08-27T19:58:40.469Z,DDoS attack Layer 7
85.239.48.109,4,2024-08-27T19:58:40.469Z,DDoS attack Layer 7
79.110.31.166,4,2024-08-27T19:58:40.469Z,DDoS attack Layer 7
79.110.28.121,4,2024-08-27T19:58:40.469Z,DDoS attack Layer 7
45.236.28.86,4,2024-08-27T19:58:40.469Z,DDoS attack Layer 7
45.148.126.208,4,2024-08-27T19:58:40.469Z,DDoS attack Layer 7
38.9.44.95,4,2024-08-27T19:58:40.469Z,DDoS attack Layer 7
36.83.117.94,4,2024-08-27T19:58:40.469Z,DDoS attack Layer 7
255.255.230.8,4,2024-08-27T19:58:40.469Z,DDoS attack Layer 7
245.0.6.197,4,2024-08-27T19:58:40.469Z,DDoS attack Layer 7
244.224.55.138,4,2024-08-27T19:58:40.469Z,DDoS attack Layer 7
222.130.183.77,4,2024-08-27T19:58:40.469Z,DDoS attack Layer 7
221.214.181.24,4,2024-08-27T19:58:40.469Z,DDoS attack Layer 7
211.36.148.70,4,2024-08-27T19:58:40.469Z,DDoS attack Layer 7
203.106.71.253,4,2024-08-27T19:58:40.469Z,DDoS attack Layer 7
194.9.80.1,4,2024-08-27T19:58:40.469Z,DDoS attack Layer 7
193.202.81.215,4,2024-08-27T19:58:40.469Z,DDoS attack Layer 7
193.163.92.43,4,2024-08-27T19:58:40.469Z,DDoS attack Layer 7
190.93.89.14,4,2024-08-27T19:58:40.469Z,DDoS attack Layer 7
187.190.114.59,4,2024-08-27T19:58:40.469Z,DDoS attack Layer 7
185.68.155.54,4,2024-08-27T19:58:40.469Z,DDoS attack Layer 7
183.95.251.201,4,2024-08-27T19:58:40.469Z,DDoS attack Layer 7
183.161.160.181,4,2024-08-27T19:58:40.469Z,DDoS attack Layer 7
182.46.120.50,4,2024-08-27T19:58:40.469Z,DDoS attack Layer 7
18.171.56.222,4,2024-08-27T19:58:40.469Z,DDoS attack Layer 7
179.0.106.97,4,2024-08-27T19:58:40.469Z,DDoS attack Layer 7
154.73.28.225,4,2024-08-27T19:58:40.469Z,DDoS attack Layer 7
139.59.105.154,4,2024-08-27T19:58:40.469Z,DDoS attack Layer 7
120.219.136.252,4,2024-08-27T19:58:40.469Z,DDoS attack Layer 7
112.211.75.139,4,2024-08-27T19:58:40.469Z,DDoS attack Layer 7
112.208.227.110,4,2024-08-27T19:58:40.469Z,DDoS attack Layer 7
106.35.41.178,4,2024-08-27T19:58:40.469Z,DDoS attack Layer 7
103.89.233.226,4,2024-08-27T19:58:40.469Z,DDoS attack Layer 7
1.36.219.2,4,2024-08-27T19:58:40.469Z,DDoS attack Layer 7
85.239.49.128,4,2024-08-27T19:58:40.469Z,DDoS attack Layer 7
85.117.63.207,4,2024-08-27T19:58:40.469Z,DDoS attack Layer 7
83.142.54.197,4,2024-08-27T19:58:40.469Z,DDoS attack Layer 7
8.215.47.191,4,2024-08-27T19:58:40.469Z,DDoS attack Layer 7
5.9.11.198,4,2024-08-27T19:58:40.469Z,DDoS attack Layer 7
5.181.170.145,4,2024-08-27T19:58:40.469Z,DDoS attack Layer 7
5.175.225.171,4,2024-08-27T19:58:40.469Z,DDoS attack Layer 7
5.135.191.56,4,2024-08-27T19:58:40.469Z,DDoS attack Layer 7
45.145.130.198,4,2024-08-27T19:58:40.469Z,DDoS attack Layer 7
45.140.206.71,4,2024-08-27T19:58:40.469Z,DDoS attack Layer 7
45.140.206.23,4,2024-08-27T19:58:40.469Z,DDoS attack Layer 7
42.239.69.32,4,2024-08-27T19:58:40.469Z,DDoS attack Layer 7
42.113.205.187,4,2024-08-27T19:58:40.469Z,DDoS attack Layer 7
223.25.110.225,4,2024-08-27T19:58:40.469Z,DDoS attack Layer 7
212.119.44.186,4,2024-08-27T19:58:40.469Z,DDoS attack Layer 7
212.119.42.127,4,2024-08-27T19:58:40.469Z,DDoS attack Layer 7
197.232.65.40,4,2024-08-27T19:58:40.469Z,DDoS attack Layer 7
194.104.10.47,4,2024-08-27T19:58:40.469Z,DDoS attack Layer 7
190.110.34.25,4,2024-08-27T19:58:40.469Z,DDoS attack Layer 7
185.89.100.84,4,2024-08-27T19:58:40.469Z,DDoS attack Layer 7
185.133.213.86,4,2024-08-27T19:58:40.469Z,DDoS attack Layer 7
185.102.112.243,4,2024-08-27T19:58:40.469Z,DDoS attack Layer 7
179.43.154.91,4,2024-08-27T19:58:40.469Z,DDoS attack Layer 7
172.104.129.235,4,2024-08-27T19:58:40.469Z,DDoS attack Layer 7
170.80.242.154,4,2024-08-27T19:58:40.469Z,DDoS attack Layer 7
170.78.211.198,4,2024-08-27T19:58:40.469Z,DDoS attack Layer 7
170.239.150.202,4,2024-08-27T19:58:40.469Z,DDoS attack Layer 7
168.243.91.27,4,2024-08-27T19:58:40.469Z,DDoS attack Layer 7
162.240.154.26,4,2024-08-27T19:58:40.469Z,DDoS attack Layer 7
159.89.194.78,4,2024-08-27T19:58:40.469Z,DDoS attack Layer 7
154.94.7.89,4,2024-08-27T19:58:40.469Z,DDoS attack Layer 7
152.42.177.115,4,2024-08-27T19:58:40.469Z,DDoS attack Layer 7
140.209.237.227,4,2024-08-27T19:58:40.469Z,DDoS attack Layer 7
139.84.213.157,4,2024-08-27T19:58:40.469Z,DDoS attack Layer 7
136.226.57.90,4,2024-08-27T19:58:40.469Z,DDoS attack Layer 7
130.61.244.207,4,2024-08-27T19:58:40.469Z,DDoS attack Layer 7
119.8.238.175,4,2024-08-27T19:58:40.469Z,DDoS attack Layer 7
117.254.104.2,4,2024-08-27T19:58:40.469Z,DDoS attack Layer 7
116.87.112.75,4,2024-08-27T19:58:40.469Z,DDoS attack Layer 7
114.254.172.123,4,2024-08-27T19:58:40.469Z,DDoS attack Layer 7
104.236.171.128,4,2024-08-27T19:58:40.469Z,DDoS attack Layer 7
103.153.62.86,4,2024-08-27T19:58:40.469Z,DDoS attack Layer 7
103.124.199.89,4,2024-08-27T19:58:40.469Z,DDoS attack Layer 7
97.79.159.65,4,2024-08-27T19:58:40.469Z,DDoS attack Layer 7
83.142.52.240,4,2024-08-27T19:58:40.469Z,DDoS attack Layer 7
77.243.89.14,4,2024-08-27T19:58:40.469Z,DDoS attack Layer 7
59.153.102.200,4,2024-08-27T19:58:40.469Z,DDoS attack Layer 7
54.94.130.59,4,2024-08-27T19:58:40.469Z,DDoS attack Layer 7
46.161.58.65,4,2024-08-27T19:58:40.469Z,DDoS attack Layer 7
46.161.56.175,4,2024-08-27T19:58:40.469Z,DDoS attack Layer 7
45.80.105.11,4,2024-08-27T19:58:40.469Z,DDoS attack Layer 7
45.171.109.96,4,2024-08-27T19:58:40.469Z,DDoS attack Layer 7
38.188.200.31,4,2024-08-27T19:58:40.469Z,DDoS attack Layer 7
255.234.213.83,4,2024-08-27T19:58:40.469Z,DDoS attack Layer 7
252.154.60.188,4,2024-08-27T19:58:40.469Z,DDoS attack Layer 7
249.138.212.54,4,2024-08-27T19:58:40.469Z,DDoS attack Layer 7
245.157.136.220,4,2024-08-27T19:58:40.469Z,DDoS attack Layer 7
193.200.12.145,4,2024-08-27T19:58:40.469Z,DDoS attack Layer 7
190.80.188.91,4,2024-08-27T19:58:40.469Z,DDoS attack Layer 7
186.6.202.148,4,2024-08-27T19:58:40.469Z,DDoS attack Layer 7
185.88.37.86,4,2024-08-27T19:58:40.469Z,DDoS attack Layer 7
185.88.103.83,4,2024-08-27T19:58:40.469Z,DDoS attack Layer 7
185.68.246.132,4,2024-08-27T19:58:40.469Z,DDoS attack Layer 7
185.14.192.58,4,2024-08-27T19:58:40.469Z,DDoS attack Layer 7
185.102.113.87,4,2024-08-27T19:58:40.469Z,DDoS attack Layer 7
172.233.155.25,4,2024-08-27T19:58:40.469Z,DDoS attack Layer 7
141.98.87.175,4,2024-08-27T19:58:40.469Z,DDoS attack Layer 7
14.142.36.210,4,2024-08-27T19:58:40.469Z,DDoS attack Layer 7
138.219.58.233,4,2024-08-27T19:58:40.469Z,DDoS attack Layer 7
111.1.61.49,4,2024-08-27T19:58:40.469Z,DDoS attack Layer 7
103.172.35.19,4,2024-08-27T19:58:40.469Z,DDoS attack Layer 7
103.163.80.186,4,2024-08-27T19:58:40.469Z,DDoS attack Layer 7
103.125.174.27,4,2024-08-27T19:58:40.469Z,DDoS attack Layer 7
101.43.214.119,4,2024-08-27T19:58:40.469Z,DDoS attack Layer 7
97.79.159.65,4,2024-08-27T19:58:40.469Z,DDoS attack Layer 7
83.142.52.240,4,2024-08-27T19:58:40.469Z,DDoS attack Layer 7
77.243.89.14,4,2024-08-27T19:58:40.469Z,DDoS attack Layer 7
59.153.102.200,4,2024-08-27T19:58:40.469Z,DDoS attack Layer 7
54.94.130.59,4,2024-08-27T19:58:40.469Z,DDoS attack Layer 7
46.161.58.65,4,2024-08-27T19:58:40.469Z,DDoS attack Layer 7
46.161.56.175,4,2024-08-27T19:58:40.469Z,DDoS attack Layer 7
45.80.105.11,4,2024-08-27T19:58:40.469Z,DDoS attack Layer 7
45.171.109.96,4,2024-08-27T19:58:40.469Z,DDoS attack Layer 7
38.188.200.31,4,2024-08-27T19:58:40.469Z,DDoS attack Layer 7
255.234.213.83,4,2024-08-27T19:58:40.469Z,DDoS attack Layer 7
252.154.60.188,4,2024-08-27T19:58:40.469Z,DDoS attack Layer 7
249.138.212.54,4,2024-08-27T19:58:40.469Z,DDoS attack Layer 7
245.157.136.220,4,2024-08-27T19:58:40.469Z,DDoS attack Layer 7
193.200.12.145,4,2024-08-27T19:58:40.469Z,DDoS attack Layer 7
190.80.188.91,4,2024-08-27T19:58:40.469Z,DDoS attack Layer 7
186.6.202.148,4,2024-08-27T19:58:40.469Z,DDoS attack Layer 7
185.88.37.86,4,2024-08-27T19:58:40.469Z,DDoS attack Layer 7
185.88.103.83,4,2024-08-27T19:58:40.469Z,DDoS attack Layer 7
185.68.246.132,4,2024-08-27T19:58:40.469Z,DDoS attack Layer 7
185.14.192.58,4,2024-08-27T19:58:40.469Z,DDoS attack Layer 7
185.102.113.87,4,2024-08-27T19:58:40.469Z,DDoS attack Layer 7
172.233.155.25,4,2024-08-27T19:58:40.469Z,DDoS attack Layer 7
141.98.87.175,4,2024-08-27T19:58:40.469Z,DDoS attack Layer 7
14.142.36.210,4,2024-08-27T19:58:40.469Z,DDoS attack Layer 7
138.219.58.233,4,2024-08-27T19:58:40.469Z,DDoS attack Layer 7
111.1.61.49,4,2024-08-27T19:58:40.469Z,DDoS attack Layer 7
103.172.35.19,4,2024-08-27T19:58:40.469Z,DDoS attack Layer 7
103.163.80.186,4,2024-08-27T19:58:40.469Z,DDoS attack Layer 7
103.125.174.27,4,2024-08-27T19:58:40.469Z,DDoS attack Layer 7
101.43.214.119,4,2024-08-27T19:58:40.469Z,DDoS attack Layer 7
77.220.192.106,4,2024-08-27T19:58:40.469Z,DDoS attack Layer 7
73.13.46.209,4,2024-08-27T19:58:40.469Z,DDoS attack Layer 7
5.181.168.17,4,2024-08-27T19:58:40.469Z,DDoS attack Layer 7
49.156.151.246,4,2024-08-27T19:58:40.469Z,DDoS attack Layer 7
45.182.176.38,4,2024-08-27T19:58:40.469Z,DDoS attack Layer 7
45.145.130.243,4,2024-08-27T19:58:40.469Z,DDoS attack Layer 7
38.51.248.52,4,2024-08-27T19:58:40.469Z,DDoS attack Layer 7
31.144.165.214,4,2024-08-27T19:58:40.469Z,DDoS attack Layer 7
251.198.4.143,4,2024-08-27T19:58:40.469Z,DDoS attack Layer 7
223.65.216.191,4,2024-08-27T19:58:40.469Z,DDoS attack Layer 7
211.36.145.85,4,2024-08-27T19:58:40.469Z,DDoS attack Layer 7
198.52.241.102,4,2024-08-27T19:58:40.469Z,DDoS attack Layer 7
193.200.12.171,4,2024-08-27T19:58:40.469Z,DDoS attack Layer 7
193.151.189.138,4,2024-08-27T19:58:40.469Z,DDoS attack Layer 7
189.162.44.149,4,2024-08-27T19:58:40.469Z,DDoS attack Layer 7
185.177.59.73,4,2024-08-27T19:58:40.469Z,DDoS attack Layer 7
183.234.65.252,4,2024-08-27T19:58:40.469Z,DDoS attack Layer 7
180.244.165.159,4,2024-08-27T19:58:40.469Z,DDoS attack Layer 7
180.195.16.3,4,2024-08-27T19:58:40.469Z,DDoS attack Layer 7
180.191.51.153,4,2024-08-27T19:58:40.469Z,DDoS attack Layer 7
171.250.67.197,4,2024-08-27T19:58:40.469Z,DDoS attack Layer 7
162.55.88.59,4,2024-08-27T19:58:40.469Z,DDoS attack Layer 7
124.88.140.154,4,2024-08-27T19:58:40.469Z,DDoS attack Layer 7
112.198.179.44,4,2024-08-27T19:58:40.469Z,DDoS attack Layer 7
103.25.167.51,4,2024-08-27T19:58:40.469Z,DDoS attack Layer 7
103.169.255.171,4,2024-08-27T19:58:40.469Z,DDoS attack Layer 7
83.97.118.30,4,2024-08-27T19:58:40.469Z,DDoS attack Layer 7
77.220.195.150,4,2024-08-27T19:58:40.469Z,DDoS attack Layer 7
5.183.255.15,4,2024-08-27T19:58:40.469Z,DDoS attack Layer 7
49.145.226.90,4,2024-08-27T19:58:40.469Z,DDoS attack Layer 7
45.235.200.32,4,2024-08-27T19:58:40.469Z,DDoS attack Layer 7
45.171.158.11,4,2024-08-27T19:58:40.469Z,DDoS attack Layer 7
40.71.255.166,4,2024-08-27T19:58:40.469Z,DDoS attack Layer 7
38.25.4.30,4,2024-08-27T19:58:40.469Z,DDoS attack Layer 7
38.183.182.17,4,2024-08-27T19:58:40.469Z,DDoS attack Layer 7
38.156.230.236,4,2024-08-27T19:58:40.469Z,DDoS attack Layer 7
3.38.40.42,4,2024-08-27T19:58:40.469Z,DDoS attack Layer 7
27.254.99.183,4,2024-08-27T19:58:40.469Z,DDoS attack Layer 7
27.15.142.40,4,2024-08-27T19:58:40.469Z,DDoS attack Layer 7
251.167.41.31,4,2024-08-27T19:58:40.469Z,DDoS attack Layer 7
249.77.66.210,4,2024-08-27T19:58:40.469Z,DDoS attack Layer 7
248.190.134.38,4,2024-08-27T19:58:40.469Z,DDoS attack Layer 7
248.170.182.156,4,2024-08-27T19:58:40.469Z,DDoS attack Layer 7
223.76.192.60,4,2024-08-27T19:58:40.469Z,DDoS attack Layer 7
217.145.227.141,4,2024-08-27T19:58:40.469Z,DDoS attack Layer 7
207.154.228.109,4,2024-08-27T19:58:40.469Z,DDoS attack Layer 7
205.198.119.63,4,2024-08-27T19:58:40.469Z,DDoS attack Layer 7
202.47.34.89,4,2024-08-27T19:58:40.469Z,DDoS attack Layer 7
201.208.220.115,4,2024-08-27T19:58:40.469Z,DDoS attack Layer 7
195.246.231.28,4,2024-08-27T19:58:40.469Z,DDoS attack Layer 7
193.202.82.70,4,2024-08-27T19:58:40.469Z,DDoS attack Layer 7
193.202.81.166,4,2024-08-27T19:58:40.469Z,DDoS attack Layer 7
192.145.228.209,4,2024-08-27T19:58:40.469Z,DDoS attack Layer 7
189.154.168.5,4,2024-08-27T19:58:40.469Z,DDoS attack Layer 7
186.32.219.250,4,2024-08-27T19:58:40.469Z,DDoS attack Layer 7
185.68.185.130,4,2024-08-27T19:58:40.469Z,DDoS attack Layer 7
181.64.188.83,4,2024-08-27T19:58:40.469Z,DDoS attack Layer 7
181.25.54.131,4,2024-08-27T19:58:40.469Z,DDoS attack Layer 7
176.126.104.62,4,2024-08-27T19:58:40.469Z,DDoS attack Layer 7
162.216.5.14,4,2024-08-27T19:58:40.469Z,DDoS attack Layer 7
154.40.45.39,4,2024-08-27T19:58:40.469Z,DDoS attack Layer 7
152.42.193.20,4,2024-08-27T19:58:40.469Z,DDoS attack Layer 7
146.185.204.47,4,2024-08-27T19:58:40.469Z,DDoS attack Layer 7
14.102.108.58,4,2024-08-27T19:58:40.469Z,DDoS attack Layer 7
138.199.21.218,4,2024-08-27T19:58:40.469Z,DDoS attack Layer 7
128.199.93.81,4,2024-08-27T19:58:40.469Z,DDoS attack Layer 7
126.71.89.225,4,2024-08-27T19:58:40.469Z,DDoS attack Layer 7
120.28.222.2,4,2024-08-27T19:58:40.469Z,DDoS attack Layer 7
117.177.59.157,4,2024-08-27T19:58:40.469Z,DDoS attack Layer 7
114.130.153.46,4,2024-08-27T19:58:40.469Z,DDoS attack Layer 7
104.28.207.215,4,2024-08-27T19:58:40.469Z,DDoS attack Layer 7
103.40.121.91,4,2024-08-27T19:58:40.469Z,DDoS attack Layer 7
103.243.177.90,4,2024-08-27T19:58:40.469Z,DDoS attack Layer 7
1.47.146.181,4,2024-08-27T19:58:40.469Z,DDoS attack Layer 7
97.79.159.61,4,2024-08-27T19:58:40.469Z,DDoS attack Layer 7
97.79.159.52,4,2024-08-27T19:58:40.469Z,DDoS attack Layer 7
85.239.35.148,4,2024-08-27T19:58:40.469Z,DDoS attack Layer 7
59.153.45.141,4,2024-08-27T19:58:40.469Z,DDoS attack Layer 7
46.253.131.52,4,2024-08-27T19:58:40.469Z,DDoS attack Layer 7
45.138.102.20,4,2024-08-27T19:58:40.469Z,DDoS attack Layer 7
41.89.96.16,4,2024-08-27T19:58:40.469Z,DDoS attack Layer 7
4.16.3.165,4,2024-08-27T19:58:40.469Z,DDoS attack Layer 7
38.51.248.53,4,2024-08-27T19:58:40.469Z,DDoS attack Layer 7
38.156.191.130,4,2024-08-27T19:58:40.469Z,DDoS attack Layer 7
34.100.188.246,4,2024-08-27T19:58:40.469Z,DDoS attack Layer 7
255.164.47.30,4,2024-08-27T19:58:40.469Z,DDoS attack Layer 7
240.250.39.186,4,2024-08-27T19:58:40.469Z,DDoS attack Layer 7
223.101.47.146,4,2024-08-27T19:58:40.469Z,DDoS attack Layer 7
220.86.55.201,4,2024-08-27T19:58:40.469Z,DDoS attack Layer 7
212.119.43.202,4,2024-08-27T19:58:40.469Z,DDoS attack Layer 7
194.104.128.142,4,2024-08-27T19:58:40.469Z,DDoS attack Layer 7
190.113.41.138,4,2024-08-27T19:58:40.469Z,DDoS attack Layer 7
189.201.153.89,4,2024-08-27T19:58:40.469Z,DDoS attack Layer 7
189.165.98.47,4,2024-08-27T19:58:40.469Z,DDoS attack Layer 7
187.147.194.160,4,2024-08-27T19:58:40.469Z,DDoS attack Layer 7
185.14.194.232,4,2024-08-27T19:58:40.469Z,DDoS attack Layer 7
182.16.163.82,4,2024-08-27T19:58:40.469Z,DDoS attack Layer 7
180.180.26.155,4,2024-08-27T19:58:40.469Z,DDoS attack Layer 7
178.20.215.86,4,2024-08-27T19:58:40.469Z,DDoS attack Layer 7
174.243.148.198,4,2024-08-27T19:58:40.469Z,DDoS attack Layer 7
157.66.54.115,4,2024-08-27T19:58:40.469Z,DDoS attack Layer 7
149.109.87.204,4,2024-08-27T19:58:40.469Z,DDoS attack Layer 7
124.90.26.118,4,2024-08-27T19:58:40.469Z,DDoS attack Layer 7
119.95.124.3,4,2024-08-27T19:58:40.469Z,DDoS attack Layer 7
106.198.30.12,4,2024-08-27T19:58:40.469Z,DDoS attack Layer 7
106.104.177.158,4,2024-08-27T19:58:40.469Z,DDoS attack Layer 7
77.243.91.176,4,2024-08-27T19:58:40.469Z,DDoS attack Layer 7
77.242.21.186,4,2024-08-27T19:58:40.469Z,DDoS attack Layer 7
62.33.53.248,4,2024-08-27T19:58:40.469Z,DDoS attack Layer 7
62.233.39.34,4,2024-08-27T19:58:40.469Z,DDoS attack Layer 7
47.88.104.193,4,2024-08-27T19:58:40.469Z,DDoS attack Layer 7
45.189.253.141,4,2024-08-27T19:58:40.469Z,DDoS attack Layer 7
247.62.20.205,4,2024-08-27T19:58:40.469Z,DDoS attack Layer 7
222.187.225.173,4,2024-08-27T19:58:40.469Z,DDoS attack Layer 7
200.125.170.21,4,2024-08-27T19:58:40.469Z,DDoS attack Layer 7
200.106.236.142,4,2024-08-27T19:58:40.469Z,DDoS attack Layer 7
195.66.65.14,4,2024-08-27T19:58:40.469Z,DDoS attack Layer 7
181.29.102.244,4,2024-08-27T19:58:40.469Z,DDoS attack Layer 7
177.250.35.77,4,2024-08-27T19:58:40.469Z,DDoS attack Layer 7
172.69.185.137,4,2024-08-27T19:58:40.469Z,DDoS attack Layer 7
160.177.22.239,4,2024-08-27T19:58:40.469Z,DDoS attack Layer 7
159.89.194.127,4,2024-08-27T19:58:40.469Z,DDoS attack Layer 7
152.0.238.180,4,2024-08-27T19:58:40.469Z,DDoS attack Layer 7
14.184.246.36,4,2024-08-27T19:58:40.469Z,DDoS attack Layer 7
138.186.21.116,4,2024-08-27T19:58:40.469Z,DDoS attack Layer 7
116.203.15.29,4,2024-08-27T19:58:40.469Z,DDoS attack Layer 7
113.23.200.84,4,2024-08-27T19:58:40.469Z,DDoS attack Layer 7
103.83.178.222,4,2024-08-27T19:58:40.469Z,DDoS attack Layer 7
103.162.210.77,4,2024-08-27T19:58:40.469Z,DDoS attack Layer 7
